Check,Grid / Gap,Structural,Architectural,Result
spacing,10–9,"29' - 4""",—,gap only on structural
spacing,11–10,"17' - 4""",—,gap only on structural
spacing,11–9,—,"46'-8.375""",gap only on arch
spacing,2–1,"27' - 5""","27' - 5""",match
spacing,3–2,"14' - 2""","14' - 2""",match
spacing,4–3,"28' - 10""","28' - 10""",match
spacing,5–4,"14' - 1""","14' - 1""",match
spacing,6–5,"25' - 9""","25' - 9""",match
spacing,7–6,"22' - 11""","22' - 11""",match
spacing,8–7,"37' - 4""","37' - 4""",match
spacing,A11–A14,"9' - 11""","9' - 11""",match
spacing,A14–A9,"26' - 1""","26' - 1""",match
spacing,A2.2–A2,"8' - 8""","8' - 8""",match
spacing,A2.8–A2.2,"18' - 10""","18' - 10""",match
spacing,A2–A1,"20' - 3""","20' - 3""",match
spacing,A3.8–A3,"27' - 6""","27' - 6""",match
spacing,A3–A2.8,"8' - 6""","8' - 6""",match
spacing,A4.8–A4,"27' - 6""","27' - 6""",match
spacing,A4–A3.8,"8' - 6""","8' - 6""",match
spacing,A5.8–A5,"27' - 6""","27' - 6""",match
spacing,A5–A4.8,"8' - 6""","8' - 6""",match
spacing,A6.8–A6,"27' - 6""","27' - 6""",match
spacing,A6–A5.8,"8' - 6""","8' - 6""",match
spacing,A7.8–A7,"27' - 6""","27' - 6""",match
spacing,A7–A6.8,"8' - 6""","8' - 6""",match
spacing,A8.8–A8,"27' - 6""","27' - 6""",match
spacing,A8–A7.8,"8' - 6""","8' - 6""",match
spacing,A9–A8.8,"8' - 6""","8' - 6""",match
spacing,BB–AA,"32' - 6""","32' - 6""",match
spacing,B–A,"15' - 0""","15' - 0""",match
spacing,CC–BB,"36' - 0""","36' - 0""",match
spacing,C–B,"30' - 0""","30' - 0""",match
spacing,D–C,"36' - 0""","36' - 0""",match
spacing,EE–CC,"36' - 0""","36' - 0""",match
spacing,E–D,"36' - 0""","36' - 0""",match
spacing,F.2–E,"36' - 0""","36'-0.25""",one sheet has no dimension
spacing,FF–EE,"36' - 2""","36' - 2""",match
spacing,G.7–F.2,"36' - 0""","36'-0.125""",one sheet has no dimension
spacing,GG–FF,"35' - 10""","35' - 10""",match
spacing,G–F,"28' - 0""","28' - 0""",match
spacing,H–G,"28' - 0""","28' - 0""",match
spacing,JJ–GG,"36' - 0""","36' - 0""",match
spacing,J–H,"16' - 4""","16' - 4""",match
position,1,90°,90°,match
position,10,yes,—,grid only on structural
position,11,115°,115°,"DISAGREE – -0.27"" / angle 115 vs 115 – pick one"
position,2,90°,90°,match
position,3,90°,90°,match
position,4,90°,90°,match
position,5,90°,90°,match
position,6,90°,90°,match
position,7,90°,90°,match
position,8,90°,90°,match
position,9,115°,115°,"match within 1/4"" (+0.10"")"
position,A,25°,25°,"match within 1/4"" (+0.17"")"
position,A1,120°,120°,"match within 1/4"" (-0.10"")"
position,A11,120°,120°,"match within 1/4"" (-0.10"")"
position,A14,120°,120°,"match within 1/4"" (-0.10"")"
position,A2,120°,120°,"match within 1/4"" (-0.10"")"
position,A2.2,120°,120°,"match within 1/4"" (-0.10"")"
position,A2.8,120°,120°,"match within 1/4"" (-0.10"")"
position,A3,120°,120°,"match within 1/4"" (-0.10"")"
position,A3.8,120°,120°,"match within 1/4"" (-0.10"")"
position,A4,120°,120°,"match within 1/4"" (-0.10"")"
position,A4.8,120°,120°,"match within 1/4"" (-0.10"")"
position,A5,120°,120°,"match within 1/4"" (-0.10"")"
position,A5.8,120°,120°,"match within 1/4"" (-0.10"")"
position,A6,120°,120°,"match within 1/4"" (-0.10"")"
position,A6.8,120°,120°,"match within 1/4"" (-0.10"")"
position,A7,120°,120°,"match within 1/4"" (-0.10"")"
position,A7.8,120°,120°,"match within 1/4"" (-0.10"")"
position,A8,120°,120°,"match within 1/4"" (-0.10"")"
position,A8.8,120°,120°,"match within 1/4"" (-0.10"")"
position,A9,120°,120°,"match within 1/4"" (-0.10"")"
position,AA,0°,0°,match
position,B,25°,25°,"match within 1/4"" (+0.17"")"
position,BB,0°,0°,match
position,C,25°,25°,"match within 1/4"" (+0.17"")"
position,CC,0°,0°,match
position,D,25°,25°,"match within 1/4"" (+0.17"")"
position,E,25°,25°,"match within 1/4"" (+0.17"")"
position,EE,0°,0°,match
position,F,30°,30°,match
position,F.2,25°,25°,"match within 1/4"" (-0.10"")"
position,FF,0°,0°,match
position,G,30°,30°,match
position,G.7,25°,25°,"match within 1/4"" (-0.24"")"
position,GG,0°,0°,match
position,H,30°,30°,match
position,J,30°,30°,match
position,JJ,0°,0°,match
